c_count,custdist
0,25002
9,3287
10,3280
11,3095
8,2845
12,2710
13,2539
7,2348
19,2332
20,2317
18,2279
17,2244
14,2242
16,2215
15,2172
21,2083
22,1810
6,1672
23,1665
24,1370
25,1062
5,1035
26,808
27,570
4,520
28,431
29,271
3,204
30,201
31,121
32,77
2,65
33,51
35,22
34,22
1,16
36,10
37,4
41,1
40,1
39,1