c_count,custdist
0,25002
1,16
2,65
3,204
4,520
5,1035
6,1672
7,2348
8,2845
9,3287
10,3280
11,3095
12,2710
13,2539
14,2242
15,2172
16,2215
17,2244
18,2279
19,2332
20,2317
21,2083
22,1810
23,1665
24,1370
25,1062
26,808
27,570
28,431
29,271
30,201
31,121
32,77
33,51
34,22
35,22
36,10
37,4
39,1
40,1
41,1
